LOB,Expected_Ultimate,Reported,BF_Ultimate,IBNR,Expected_LR
Auto,116931568.97700147,103193572.2719375,112104702.4387812,8911130.16684368,68.0
WorkersComp,181121652.51190317,106002629.13461883,138495622.22313988,32492993.08852105,72.0
GeneralLiability,177940731.72214213,93401341.87066999,148484085.46748307,55082743.5968131,75.0
