LOB,IBNR,Std_Error,CV,Lower_95,Upper_95
Auto,9024814.772957344,548041.9739575615,6.072611878969052,7950652.504000523,10098977.041914165
WorkersComp,23312031.830430448,1265090.739775561,5.426771673004367,20832453.98047035,25791609.680390548
GeneralLiability,41667012.89148718,2059469.1537253852,4.9426848982163225,37630453.350185424,45703572.43278894
