LOB,Best_Estimate,Risk_Margin,Technical_Provisions,SCR,VaR_99_5,RM_Ratio
Auto,10178082.947783746,3523596.710855382,13701679.658639127,15571186.736992978,25749269.684776723,34.61945367248787
WorkersComp,22099229.745000534,9699540.628586728,31798770.373587262,42863406.56564798,64962636.310648516,43.89085384652846
GeneralLiability,22659360.25618147,8882897.721575523,31542257.977756992,39254565.870758876,61913926.12694035,39.20189105582656
